Week,Date,Day,Theme,Platform,Status
1,2026-05-18,Monday,industry_insight,LinkedIn,planned
1,2026-05-19,Tuesday,company_news,Facebook,planned
1,2026-05-20,Wednesday,case_study,LinkedIn,planned
1,2026-05-21,Thursday,faq,Facebook,planned
1,2026-05-22,Friday,weekly_summary,LinkedIn,planned
1,2026-05-23,Saturday,team_culture,Facebook,planned
2,2026-05-25,Monday,industry_insight,LinkedIn,planned
2,2026-05-26,Tuesday,company_news,Facebook,planned
2,2026-05-27,Wednesday,case_study,LinkedIn,planned
2,2026-05-28,Thursday,faq,Facebook,planned
2,2026-05-29,Friday,weekly_summary,LinkedIn,planned
2,2026-05-30,Saturday,team_culture,Facebook,planned
3,2026-06-01,Monday,industry_insight,LinkedIn,planned
3,2026-06-02,Tuesday,company_news,Facebook,planned
3,2026-06-03,Wednesday,case_study,LinkedIn,planned
3,2026-06-04,Thursday,faq,Facebook,planned
3,2026-06-05,Friday,weekly_summary,LinkedIn,planned
3,2026-06-06,Saturday,team_culture,Facebook,planned
4,2026-06-08,Monday,industry_insight,LinkedIn,planned
4,2026-06-09,Tuesday,company_news,Facebook,planned
4,2026-06-10,Wednesday,case_study,LinkedIn,planned
4,2026-06-11,Thursday,faq,Facebook,planned
4,2026-06-12,Friday,weekly_summary,LinkedIn,planned
4,2026-06-13,Saturday,team_culture,Facebook,planned
5,2026-06-15,Monday,industry_insight,LinkedIn,planned
5,2026-06-16,Tuesday,company_news,Facebook,planned
5,2026-06-17,Wednesday,case_study,LinkedIn,planned
5,2026-06-18,Thursday,faq,Facebook,planned
5,2026-06-19,Friday,weekly_summary,LinkedIn,planned
5,2026-06-20,Saturday,team_culture,Facebook,planned
6,2026-06-22,Monday,industry_insight,LinkedIn,planned
6,2026-06-23,Tuesday,company_news,Facebook,planned
6,2026-06-24,Wednesday,case_study,LinkedIn,planned
6,2026-06-25,Thursday,faq,Facebook,planned
6,2026-06-26,Friday,weekly_summary,LinkedIn,planned
6,2026-06-27,Saturday,team_culture,Facebook,planned
7,2026-06-29,Monday,industry_insight,LinkedIn,planned
7,2026-06-30,Tuesday,company_news,Facebook,planned
7,2026-07-01,Wednesday,case_study,LinkedIn,planned
7,2026-07-02,Thursday,faq,Facebook,planned
7,2026-07-03,Friday,weekly_summary,LinkedIn,planned
7,2026-07-04,Saturday,team_culture,Facebook,planned
8,2026-07-06,Monday,industry_insight,LinkedIn,planned
8,2026-07-07,Tuesday,company_news,Facebook,planned
8,2026-07-08,Wednesday,case_study,LinkedIn,planned
8,2026-07-09,Thursday,faq,Facebook,planned
8,2026-07-10,Friday,weekly_summary,LinkedIn,planned
8,2026-07-11,Saturday,team_culture,Facebook,planned
9,2026-07-13,Monday,industry_insight,LinkedIn,planned
9,2026-07-14,Tuesday,company_news,Facebook,planned
9,2026-07-15,Wednesday,case_study,LinkedIn,planned
9,2026-07-16,Thursday,faq,Facebook,planned
9,2026-07-17,Friday,weekly_summary,LinkedIn,planned
9,2026-07-18,Saturday,team_culture,Facebook,planned
10,2026-07-20,Monday,industry_insight,LinkedIn,planned
10,2026-07-21,Tuesday,company_news,Facebook,planned
10,2026-07-22,Wednesday,case_study,LinkedIn,planned
10,2026-07-23,Thursday,faq,Facebook,planned
10,2026-07-24,Friday,weekly_summary,LinkedIn,planned
10,2026-07-25,Saturday,team_culture,Facebook,planned
11,2026-07-27,Monday,industry_insight,LinkedIn,planned
11,2026-07-28,Tuesday,company_news,Facebook,planned
11,2026-07-29,Wednesday,case_study,LinkedIn,planned
11,2026-07-30,Thursday,faq,Facebook,planned
11,2026-07-31,Friday,weekly_summary,LinkedIn,planned
11,2026-08-01,Saturday,team_culture,Facebook,planned
12,2026-08-03,Monday,industry_insight,LinkedIn,planned
12,2026-08-04,Tuesday,company_news,Facebook,planned
12,2026-08-05,Wednesday,case_study,LinkedIn,planned
12,2026-08-06,Thursday,faq,Facebook,planned
12,2026-08-07,Friday,weekly_summary,LinkedIn,planned
12,2026-08-08,Saturday,team_culture,Facebook,planned
13,2026-08-10,Monday,industry_insight,LinkedIn,planned
13,2026-08-11,Tuesday,company_news,Facebook,planned
13,2026-08-12,Wednesday,case_study,LinkedIn,planned
13,2026-08-13,Thursday,faq,Facebook,planned
13,2026-08-14,Friday,weekly_summary,LinkedIn,planned
13,2026-08-15,Saturday,team_culture,Facebook,planned
14,2026-08-17,Monday,industry_insight,LinkedIn,planned
14,2026-08-18,Tuesday,company_news,Facebook,planned
14,2026-08-19,Wednesday,case_study,LinkedIn,planned
14,2026-08-20,Thursday,faq,Facebook,planned
14,2026-08-21,Friday,weekly_summary,LinkedIn,planned
14,2026-08-22,Saturday,team_culture,Facebook,planned
15,2026-08-24,Monday,industry_insight,LinkedIn,planned
15,2026-08-25,Tuesday,company_news,Facebook,planned
15,2026-08-26,Wednesday,case_study,LinkedIn,planned
15,2026-08-27,Thursday,faq,Facebook,planned
15,2026-08-28,Friday,weekly_summary,LinkedIn,planned
15,2026-08-29,Saturday,team_culture,Facebook,planned
16,2026-08-31,Monday,industry_insight,LinkedIn,planned
16,2026-09-01,Tuesday,company_news,Facebook,planned
16,2026-09-02,Wednesday,case_study,LinkedIn,planned
16,2026-09-03,Thursday,faq,Facebook,planned
16,2026-09-04,Friday,weekly_summary,LinkedIn,planned
16,2026-09-05,Saturday,team_culture,Facebook,planned
17,2026-09-07,Monday,industry_insight,LinkedIn,planned
17,2026-09-08,Tuesday,company_news,Facebook,planned
17,2026-09-09,Wednesday,case_study,LinkedIn,planned
17,2026-09-10,Thursday,faq,Facebook,planned
17,2026-09-11,Friday,weekly_summary,LinkedIn,planned
17,2026-09-12,Saturday,team_culture,Facebook,planned
18,2026-09-14,Monday,industry_insight,LinkedIn,planned
18,2026-09-15,Tuesday,company_news,Facebook,planned
18,2026-09-16,Wednesday,case_study,LinkedIn,planned
18,2026-09-17,Thursday,faq,Facebook,planned
18,2026-09-18,Friday,weekly_summary,LinkedIn,planned
18,2026-09-19,Saturday,team_culture,Facebook,planned
19,2026-09-21,Monday,industry_insight,LinkedIn,planned
19,2026-09-22,Tuesday,company_news,Facebook,planned
19,2026-09-23,Wednesday,case_study,LinkedIn,planned
19,2026-09-24,Thursday,faq,Facebook,planned
19,2026-09-25,Friday,weekly_summary,LinkedIn,planned
19,2026-09-26,Saturday,team_culture,Facebook,planned
20,2026-09-28,Monday,industry_insight,LinkedIn,planned
20,2026-09-29,Tuesday,company_news,Facebook,planned
20,2026-09-30,Wednesday,case_study,LinkedIn,planned
20,2026-10-01,Thursday,faq,Facebook,planned
20,2026-10-02,Friday,weekly_summary,LinkedIn,planned
20,2026-10-03,Saturday,team_culture,Facebook,planned
21,2026-10-05,Monday,industry_insight,LinkedIn,planned
21,2026-10-06,Tuesday,company_news,Facebook,planned
21,2026-10-07,Wednesday,case_study,LinkedIn,planned
21,2026-10-08,Thursday,faq,Facebook,planned
21,2026-10-09,Friday,weekly_summary,LinkedIn,planned
21,2026-10-10,Saturday,team_culture,Facebook,planned
22,2026-10-12,Monday,industry_insight,LinkedIn,planned
22,2026-10-13,Tuesday,company_news,Facebook,planned
22,2026-10-14,Wednesday,case_study,LinkedIn,planned
22,2026-10-15,Thursday,faq,Facebook,planned
22,2026-10-16,Friday,weekly_summary,LinkedIn,planned
22,2026-10-17,Saturday,team_culture,Facebook,planned
23,2026-10-19,Monday,industry_insight,LinkedIn,planned
23,2026-10-20,Tuesday,company_news,Facebook,planned
23,2026-10-21,Wednesday,case_study,LinkedIn,planned
23,2026-10-22,Thursday,faq,Facebook,planned
23,2026-10-23,Friday,weekly_summary,LinkedIn,planned
23,2026-10-24,Saturday,team_culture,Facebook,planned
24,2026-10-26,Monday,industry_insight,LinkedIn,planned
24,2026-10-27,Tuesday,company_news,Facebook,planned
24,2026-10-28,Wednesday,case_study,LinkedIn,planned
24,2026-10-29,Thursday,faq,Facebook,planned
24,2026-10-30,Friday,weekly_summary,LinkedIn,planned
24,2026-10-31,Saturday,team_culture,Facebook,planned
